id_caso,fecha_extraccion,origen_detectado,nombre_empresa_crudo,url_slide,industria_detectada,subindustria_detalle,area_detectada,tipo_problema_detectado,trigger_comercial_detectado,solucion_detectada,tecnologias_mencionadas,resultados_detectados,contexto_para_embedding,notas_extraccion
BENCH-001,2026-02-12,Benchmark externo,JPMorgan Chase,PENDIENTE,Servicios Financieros,Prevención de fraude en canales digitales ATO CNP,Operaciones,JPMorgan tiene dificultad para bloquear ataques sofisticados ATO CNP sin generar fricción que causa pérdidas por fraude y daño reputacional,Cuando un cliente tiene la paradoja de seguridad entre bloquear fraude y no afectar experiencia de usuario legítimo este caso demuestra reducción del 50% en pérdidas por fraude,Modelo de Confianza Dinámica que utiliza GNNs y ML para generar score de riesgo en milisegundos basado en señales biométricas y de dispositivo,GNNs Graph Neural Networks ML Biometría Análisis de señales,50% reducción pérdidas por fraude $1B valor protegido 100% auditoría tiempo real Time to Value 8 semanas,Servicios Financieros | JPMorgan Chase | Benchmark externo | PROBLEMA: Bloqueo de ataques ATO CNP sin fricción | SOLUCIÓN: GNNs + ML para scoring riesgo en milisegundos | RESULTADO: 50% reducción pérdidas $1B protegido | TRANSFERIBLE: Banca seguros fintech con fraude digital,Caso con métricas de impacto financiero muy altas $1B. Uso de GNNs es diferenciador tecnológico clave
BENCH-002,2026-02-12,Benchmark externo,Nubank,PENDIENTE,Servicios Financieros,Inclusión financiera y crédito,Ventas,Nubank tiene dificultad para expandir crédito a personas sin historial bancario que causa rechazo de buenos clientes o alta morosidad,Cuando un cliente necesita ampliar su mercado crediticio sin disparar el riesgo de impago este caso demuestra 100M clientes con morosidad controlada,Modelo de Crédito Inteligente basado en comportamiento real y metadata de la App utilizando algoritmos de aprendizaje automático,Clojure XGBoost Transformers Causal ML Bio-comportamiento,85% menor costo de adquisición CAC 7.2% ratio morosidad $7 USD CAC vs $100 promedio Time to Value 8 semanas,Servicios Financieros | Nubank | Benchmark externo | PROBLEMA: Expandir crédito sin historial bancario | SOLUCIÓN: Modelo crédito basado en Bio-comportamiento y ML | RESULTADO: CAC -85% y 100M clientes | TRANSFERIBLE: Fintech banca retail crédito consumo,Enfoque en Elasticidad de Límites usando Causal ML es innovador
BENCH-003,2026-02-12,Benchmark externo,Lemonade Insurance,PENDIENTE,Servicios Financieros,Insurtech liquidación automática,Operaciones,Lemonade tiene dificultad para eliminar burocracia en siniestros simples que causa costos administrativos altos y demora para el cliente,Cuando un cliente busca una resolución instantánea de reclamos de baja complejidad este caso demuestra liquidación en 3 segundos,Modelo de Liquidación Instantánea en Tiempo Real con 18 algoritmos anti-fraude y captura de evidencia mediante lenguaje natural,NLP Lenguaje Natural Algoritmos Anti-Fraude Automatización,Récord mundial liquidación en 3 segundos -30% costos operativos 55% automatización Click-to-Cash,Servicios Financieros | Lemonade | Benchmark externo | PROBLEMA: Eliminar burocracia en siniestros simples | SOLUCIÓN: IA para liquidación instantánea y anti-fraude | RESULTADO: Pago en 3 segundos -30% costos | TRANSFERIBLE: Seguros asistencia servicios de reembolso,Caso extremo de eficiencia operativa mediante automatización total del back-office
BENCH-004,2026-02-12,Benchmark externo,PENFED CREDIT UNION,PENDIENTE,Servicios Financieros,Priorización comercial en servicios financieros,Ventas,PENFED tiene dificultad para superar la ceguera comercial y tareas manuales que causa pérdida de oportunidades reales en bases desconectadas,Cuando un cliente tiene ejecutivos perdiendo tiempo en leads fríos este caso demuestra aumento del 226% en ventas,Agentes de orquestación para priorización comercial mediante ingesta de señales 360 y scoring predictivo NBO,Salesforce Scoring Predictivo NBO Next Best Opportunity Ingesta señales 360,226% aumento volumen ventas -50% tiempo de cierre 60 min ahorro diario por ejecutivo,Servicios Financieros | PENFED | Benchmark externo | PROBLEMA: Ejecutivos en tareas manuales y leads fríos | SOLUCIÓN: Scoring predictivo para priorización de cierre | RESULTADO: +226% ventas y -50% tiempo cierre | TRANSFERIBLE: Fuerza de ventas B2B banca seguros inmobiliaria,Uso de Salesforce como base para la ingesta de señales y scoring
BENCH-005,2026-02-12,Benchmark externo,IMB Bank,PENDIENTE,Servicios Financieros,Optimización de conversión hipotecaria,Ventas,IMB Bank tiene dificultad para vencer la parálisis de decisión en formularios complejos que causa abandono del flujo y pérdida de cartera potencial,Cuando un cliente sufre abandono en flujos web por mala usabilidad este caso demuestra incremento del 8.76% en solicitudes,Motor predictivo de performance para optimización de inversión y detección algorítmica de fricción mediante comportamiento en vivo,VWO Análisis de navegación Rage Clicks Detección algorítmica fricción A/B Testing,8.76% incremento tasa conversión solicitudes hipoteca -4 pasos reducción fricción Time to Value 8 semanas,Servicios Financieros | IMB Bank | Benchmark externo | PROBLEMA: Abandono de formularios web complejos | SOLUCIÓN: Detección de fricción por Rage Clicks y optimización A/B | RESULTADO: +8.76% solicitudes hipoteca | TRANSFERIBLE: E-commerce banca seguros flujos registro,Enfoque en Rage Clicks para identificar puntos de dolor exactos del usuario
BENCH-006,2026-02-12,Benchmark externo,Bank WIX,PENDIENTE,Servicios Financieros,Automatización documental contratos,Operaciones,Bank WIX tiene dificultad para validar miles de contratos y facturas complejas que causa saturación de equipos operativos y demora en procesos,Cuando un cliente tiene equipos desbordados por validación manual de documentos este caso demuestra ahorro de $2.7M anuales,Agentes digitales para automatización documental end-to-end usando ecosistema UiPath con visión artificial y GenAI,UiPath GenAI Visión Artificial SAP Oracle Procesamiento PDF,Ahorro de $2.7M anuales 70.000 horas manuales liberadas error casi nulo Time to Value 8 semanas,Servicios Financieros | Bank WIX | Benchmark externo | PROBLEMA: Validación manual masiva de contratos | SOLUCIÓN: Agentes digitales UiPath + GenAI para extracción datos | RESULTADO: $2.7M ahorro 70k horas liberadas | TRANSFERIBLE: Legal finanzas logística compras administración,Diferenciador: Gestión de excepciones críticas por expertos en lugar del 100%
BENCH-007,2026-02-12,Benchmark externo,Klarna,PENDIENTE,Servicios Financieros,Soporte al cliente multilingüe,Operaciones,Klarna tiene dificultad para escalar soporte en 35 idiomas para 150M usuarios que causa saturación de tickets y altos costos de plantilla,Cuando un cliente busca desacoplar el crecimiento del negocio de la estructura de costos de soporte este caso demuestra ahorro de $60M,Agente autónomo de soporte transaccional multilingüe que resuelve casos en segundos y deriva solo temas sensibles a humanos,OpenAI LLM Orquestación de soporte Análisis de intención y sensibilidad,Ahorro anual $60M equivalente al trabajo de 853 empleados (FTEs) resolución en 2 min 82% reducción tiempos,Servicios Financieros | Klarna | Benchmark externo | PROBLEMA: Escalar soporte multilingüe sin aumentar headcount | SOLUCIÓN: Agente IA autónomo para casos transaccionales | RESULTADO: $60M ahorro anual 853 FTEs sustituidos | TRANSFERIBLE: Servicio al cliente e-commerce aerolíneas telcos,Caso pionero de impacto masivo de GenAI en eficiencia de Customer Service
NEO-001,2026-02-12,Caso NEO propio,NEO Consulting,PENDIENTE,Servicios Financieros,Optimización de inversión publicitaria digital,Marketing,NEO Consulting tiene dificultad para combatir la fatiga publicitaria y alto CPL que causa creativos que no convierten y queman presupuesto,Cuando un cliente necesita mejorar el retorno de inversión en Ads este caso demuestra reducción del 40% en CPL,Motor predictivo de performance para optimización de inversión digital mediante generación inteligente y validación automática de anuncios,Modelo Predictivo Scoring Predictivo Generación variante visual Quality Gate,40% reducción CPL jóvenes 41% reducción CPL maduros 32% incremento Click Rate Time to Value 8 semanas,Servicios Financieros | NEO | Caso NEO propio | PROBLEMA: Fatiga publicitaria y alto costo adquisición | SOLUCIÓN: Motor predictivo de performance y generación variantes | RESULTADO: -40% CPL y +32% Click Rate | TRANSFERIBLE: Marketing digital retail banca seguros consumo masivo,Uso de Quality Gate para asegurar que solo los mejores creativos salgan a campaña
NEO-002,2026-02-12,Caso NEO propio,NEO Consulting,PENDIENTE,Servicios Financieros,Generación de contenido creativo GenAI,Marketing,NEO Consulting tiene dificultad para eliminar el cuello de botella creativo en producción gráfica que causa lentitud para testear mercados en tiempo real,Cuando un cliente requiere escalar la producción de variantes de campaña este caso demuestra ahorro del 80% en tiempo de diseño,Motor de generación creativa inteligente GenAI Factory para producción acelerada de copys e imágenes con brand safety,GenAI Factory LLM Image Generation Brand Safety,40% aumento volumen de leads 80% ahorro en Time to Market Time to Value 2 meses,Servicios Financieros | NEO | Caso NEO propio | PROBLEMA: Lenta producción gráfica de campañas | SOLUCIÓN: GenAI Factory para generación acelerada de activos | RESULTADO: +40% leads y 80% ahorro tiempo | TRANSFERIBLE: Agencias creativas departamentos marketing retail,Implementación de flujo con revisión ligera para consistencia de marca
NEO-003,2026-02-12,Caso NEO propio,NEO Consulting,PENDIENTE,Servicios Financieros,Auditoría automatizada de Contact Center,Operaciones,NEO Consulting tiene dificultad para supervisar manualmente el 100% de llamadas que causa ceguera operativa e insights perdidos sobre fugas,Cuando un cliente solo puede auditar el 1-2% de sus llamadas este caso demuestra cobertura del 100%,Plataforma de supervisión 100% automatizada que utiliza Speech-to-Text y NLP para detectar sentimientos y riesgos en tiempo real,Speech-to-Text NLP Análisis de Sentimiento QA Scoring Automatizado,100% cobertura auditoría -20% tiempos de llamada +15 pts satisfacción cliente Time to Value 2 meses,Servicios Financieros | NEO | Caso NEO propio | PROBLEMA: Supervisión manual limitada de llamadas | SOLUCIÓN: Auditoría 100% automatizada con IA y análisis sentimiento | RESULTADO: 100% cobertura +15pts CSAT | TRANSFERIBLE: Contact centers ventas soporte cobranzas,Permite feedback objetivo por agente e identificación temprana de fugas
NEO-004,2026-02-12,Caso NEO propio,BCP,PENDIENTE,Servicios Financieros,Priorización cognitiva de reclamos,Operaciones,BCP tiene dificultad para superar la ineficiencia del modelo FIFO en reclamos que causa demoras críticas en casos sensibles de fraude o bloqueos,Cuando un cliente tiene reclamos críticos perdidos en la cola secuencial este caso demuestra proyección de +10 pts NPS,Motor de priorización cognitiva que realiza triaje automático analizando urgencia y sentimiento en comentarios escritos de web/app,NLP Sentiment Analysis Urgency Detection Smart Routing Triaje Automático,10 pts NPS proyectados triaje en tiempo real atención focalizada casos críticos Time to Value 2 meses,Servicios Financieros | BCP | Caso NEO propio | PROBLEMA: Ineficiencia modelo FIFO en reclamos sensibles | SOLUCIÓN: Motor priorización cognitiva por urgencia/sentimiento | RESULTADO: +10 pts NPS proyectados | TRANSFERIBLE: Banca seguros servicios públicos telecomunicaciones,El sistema mejora precisión con cada interacción mediante loop cerrado
NEO-005,2026-02-12,Caso NEO propio,NEO Consulting,PENDIENTE,Servicios Financieros,Análisis de sentimiento web automatizado,Operaciones,NEO Consulting tiene dificultad para superar la desconexión entre feedback usuario y acción corporativa que causa procesos manuales de tabulación lentos,Cuando un cliente necesita medir satisfacción web sin encuestas manuales este caso demuestra 100% automatización del loop,Motor de escucha inteligente que analiza comentarios web en tiempo real y activa respuestas personalizadas 1:1 según sentimiento,NLP Decision Engine Automation Sentiment Analysis Dashboard CX,100% automatización del loop respuesta personalizada inmediata agilidad en decisión Time to Value 2-4 meses,Servicios Financieros | NEO | Caso NEO propio | PROBLEMA: Desconexión entre feedback web y acción | SOLUCIÓN: Motor de escucha inteligente con respuestas 1:1 | RESULTADO: 100% automatización del loop | TRANSFERIBLE: Banca e-commerce plataformas SaaS,Identifica clientes insatisfechos antes de que escalen o abandonen
NEO-006,2026-02-12,Caso NEO propio,NEO Consulting,PENDIENTE,Servicios Financieros,Automatización de reportes de Marketing,Marketing,NEO Consulting tiene dificultad para liberar al equipo de marketing de tareas recurrentes manuales que causa parálisis operativa y foco nulo en estrategia,Cuando un cliente tiene equipos consumidos por carga de data y reportes este caso demuestra reducción del 86% en costos,Motor de automatización del COE para 5 rutas críticas que genera resultados automáticos y optimiza canal de WhatsApp,AI Engine WhatsApp Optimization Automatización procesos repetitivos,86% ahorro costos operativos entrega reportes en 1 día vs 6 días +23 pts satisfacción cliente,Servicios Financieros | NEO | Caso NEO propio | PROBLEMA: Parálisis operativa por reportes manuales | SOLUCIÓN: Motor automatización COE para rutas críticas | RESULTADO: -86% costos reportes en 1 día | TRANSFERIBLE: Finanzas marketing operaciones TI,Permite que operadores dejen de buscar y comiencen a ejecutar
NEO-007,2026-02-12,Caso NEO propio,NEO Consulting,PENDIENTE,Servicios Financieros,IA de conocimiento empresarial,Operaciones,NEO Consulting tiene dificultad para eliminar silos de conocimiento en cientos de PDFs dispersos que causa lentitud en respuesta y riesgos operativos,Cuando un cliente tiene operadores perdiendo horas buscando en normativas este caso demuestra reducción del 60% en tiempos de consulta,Plataforma de conocimiento con asistente inteligente tipo chatbot que usa Vertex AI y Dialogflow CX para búsqueda semántica,Dialogflow CX Vertex AI DataStore Cloud Storage Search Agent,60% eficiencia en búsqueda base de conocimiento 490+ documentos integrados respuestas confiables Time to Value 3 meses,Servicios Financieros | NEO | Caso NEO propio | PROBLEMA: Búsqueda manual lenta en PDFs y normativas | SOLUCIÓN: Chatbot investigador con búsqueda semántica Vertex AI | RESULTADO: -60% tiempo consulta operativa | TRANSFERIBLE: Legal compliance operaciones banca salud,Acceso directo a información oficial alineada a normativas vigentes
BENCH-008,2026-02-12,Benchmark externo,Walmart,PENDIENTE,Consumo y Retail,Búsqueda semántica adaptativa,Ventas,Walmart tiene dificultad para superar la fricción de la web estática que causa fatiga del cliente y abandono por búsquedas fragmentadas,Cuando un cliente muestra la misma Home genérica a millones de usuarios este caso demuestra incremento del 13% en ticket promedio,Experiencia digital adaptativa mediante búsqueda semántica con LLM que entiende la intención completa de la misión de compra,LLM Semantic Search Adaptive UI CDP Intent Inference Engine,13% aumento ticket promedio AOV 5% aumento conversión 75% reducción fricción Time to Value 3-4 meses,Consumo y Retail | Walmart | Benchmark externo | PROBLEMA: Fricción por web estática y búsquedas fragmentadas | SOLUCIÓN: Búsqueda semántica con LLM para intención completa | RESULTADO: +13% AOV +5% conversión | TRANSFERIBLE: Retail masivo e-commerce marketplaces,La plataforma adapta la UI según contexto (clima ubicación comportamiento)
BENCH-009,2026-02-12,Benchmark externo,C3.ai,PENDIENTE,Consumo y Retail,Optimización de inventario probabilística,Growth,C3.ai tiene dificultad para eliminar el miedo al quiebre de stock de planners humanos que causa exceso de inventario y capital inflado,Cuando un cliente tiene pronósticos en Excel ciegos a factores externos este caso demuestra reducción del 35% en inventario,Modelo cuantílico de riesgo de demanda que incorpora señales externas (clima feriados) para generar órdenes de compra optimizadas,AWS C3.ai Forecasting Probabilístico Modelo Cuantílico ERP,35% reducción nivel inventario 50% reducción quiebres de stock +20pp AOV Time to Value 3-6 meses,Consumo y Retail | C3.ai | Benchmark externo | PROBLEMA: Exceso de stock por pronósticos imprecisos | SOLUCIÓN: Pronóstico probabilístico con señales externas | RESULTADO: -35% inventario -50% quiebres | TRANSFERIBLE: Retail manufactura logística consumo masivo,Diferenciador: La IA no recomienda indica exactamente qué hacer
BENCH-010,2026-02-12,Benchmark externo,Walmart Supply Chain,PENDIENTE,Consumo y Retail,Pricing dinámico retail,Operaciones,Walmart tiene dificultad para romper la espiral del descuento y precios estáticos que causa liquidaciones masivas y destrucción de margen,Cuando un cliente no reacciona a cambios de competencia o demanda este caso demuestra incremento del 5% en EBITDA,Operación predictiva de pricing dinámico que optimiza margen mediante señales de mercado y elasticidad precio,Scraping Competencia Modelo Elasticidad Optimización Margen ERP,5% incremento EBITDA 20% reducción mermas mayor agilidad de acción Time to Value 3-4 meses,Consumo y Retail | Walmart | Benchmark externo | PROBLEMA: Precios estáticos y liquidaciones masivas | SOLUCIÓN: Modelo IA pricing dinámico por elasticidad y mercado | RESULTADO: +5% EBITDA -20% mermas | TRANSFERIBLE: Retail aerolíneas hoteles moda,Elimina la sobre-preparación diaria alineando producción a demanda real
BENCH-011,2026-02-12,Benchmark externo,Levi's,PENDIENTE,Consumo y Retail,Optimización de costos laborales,Operaciones,Levi's tiene dificultad para resolver el dilema del gerente en planificación de horarios que causa desperdicio de alimentos y turnos ineficientes,Cuando un gerente pasa horas en Excel adivinando demanda este caso demuestra reducción del 50% en desperdicio,Modelo de operación predictiva para diseño dinámico de turnos y preparación de inventario basado en probabilidad de venta,Forecasting Optimización Horarios Gestión Laboral Predictiva,50% reducción desperdicio alimentos Food Waste liberación horas gerente aumento eficiencia laboral,Consumo y Retail | Levi's | Benchmark externo | PROBLEMA: Planificación manual de turnos y stock | SOLUCIÓN: Operación predictiva para turnos y producción | RESULTADO: -50% Food Waste horas liberadas | TRANSFERIBLE: Retail restaurantes fast food supermercados,Ajusta la fuerza laboral a los picos reales de demanda
BENCH-012,2026-02-12,Benchmark externo,Starbucks,PENDIENTE,Consumo y Retail,Forecasting avanzado inventario y personal,Operaciones,Starbucks tiene dificultad para evitar el error humano en proyecciones de preparación diaria que causa desperdicio y servicio lento,Cuando un cliente requiere alinear producción a demanda exógena (clima eventos) este caso demuestra reducción del 50% en desperdicio,Motor de predicción y optimización basado en LSTM y Prophet que automatiza turnos reposición y preparación en el POS,LSTM Prophet Deep Learning POS Cloud Infrastructure,50% reducción desperdicio Food Waste liberación horas eficiencia laboral Time to Value 8-10 semanas,Consumo y Retail | Starbucks | Benchmark externo | PROBLEMA: Desperdicio y turnos mal planificados por intuición | SOLUCIÓN: Forecasting LSTM/Prophet con señales exógenas | RESULTADO: -50% desperdicio alimentos | TRANSFERIBLE: Retail QSR logística de última milla,Uso de señales exógenas como clima y calendario de eventos locales
BENCH-013,2026-02-12,Benchmark externo,L'Oréal Paris,PENDIENTE,Consumo y Retail,Diagnóstico digital de piel,Marketing,L'Oréal tiene dificultad para superar la brecha de confianza en compras online que causa abandono masivo de carrito en skincare,Cuando un consumidor teme dañar su piel por falta de guía experta este caso demuestra 3x engagement,Diagnóstico digital mediante Computer Vision y reglas científicas que recomienda una rutina personalizada reemplazando al counter físico,Computer Vision Facial Analysis IA ModiFace Motor Científico,3x aumento engagement 80% ventas recurrentes por lealtad validación clínica digital,Consumo y Retail | L'Oréal | Benchmark externo | PROBLEMA: Miedo del cliente a comprar skincare online | SOLUCIÓN: Diagnóstico digital con Computer Vision y Rutina 1:1 | RESULTADO: 3x Engagement 80% lealtad | TRANSFERIBLE: Belleza salud farmacéutica moda,Caso de uso de IA para generar confianza y personalización masiva
BENCH-014,2026-02-12,Benchmark externo,L'Oréal Google Cloud,PENDIENTE,Consumo y Retail,Trend Intelligence predictiva,Marketing,L'Oréal tiene dificultad para vencer el TikTok Lag de 12-18 meses en I+D que causa pérdida de relevancia ante tendencias virales rápidas,Cuando un cliente necesita anticipar ingredientes virales este caso demuestra 6 meses de anticipación,Trend Intelligence Predictiva que escanea 3.5M+ fuentes continuas para detectar señales débiles y predecir curvas de tendencia,NLP Engine Predictive Analytics Social Sensing RAD Decision,6 meses anticipación en lanzamientos 3.5M fuentes analizadas R&D ágil reducción Time-to-Market,Consumo y Retail | L'Oréal | Benchmark externo | PROBLEMA: Ciclo I+D lento vs tendencias de redes sociales | SOLUCIÓN: NLP y Analytics para detección temprana señales débiles | RESULTADO: 6 meses de ventaja competitiva | TRANSFERIBLE: Consumo masivo moda entretenimiento tecnología,Reduce apuestas especulativas enfocando inversión en tendencias probables
BENCH-015,2026-02-12,Benchmark externo,Sephora AI,PENDIENTE,Consumo y Retail,Demand Intelligence para stock,Operaciones,Sephora tiene dificultad para resolver la ecuación Caducidad vs Tendencia que causa sobre-stock de maquillaje o quiebres de stock,Cuando un cliente gestiona 10.000 SKUs que vencen rápido este caso demuestra reducción del 30% en quiebres,Demand Intelligence en tiempo real que detecta cambios de comportamiento y optimiza reposición precisa por tienda,Predictive Analytics Optimización Stock Auto Planning,30% reducción quiebres de stock +15% rotación inventario eficiencia en planificación Time to Value 9 meses,Consumo y Retail | Sephora | Benchmark externo | PROBLEMA: Gestión manual de 10k SKUs con alta caducidad | SOLUCIÓN: Demand Intelligence para reposición precisa por tienda | RESULTADO: -30% quiebres stock +15% rotación | TRANSFERIBLE: Retail belleza farmacias alimentos frescos,Detecta cambios antes de que impacten en la disponibilidad en anaquel
BENCH-016,2026-02-12,Benchmark externo,The Estée Lauder Companies,PENDIENTE,Consumo y Retail,Control de calidad visual,Operaciones,Estée Lauder tiene dificultad para resolver la lentitud de manufactura de 18 meses que causa costos de calidad altos por inspección manual,Cuando un cliente tiene errores por fatiga humana en línea de lujo este caso demuestra inspección total sin cuellos de botella,Control de calidad inteligente usando Computer Vision en el borde (Edge AI) con cámaras industriales en línea para decisión en milisegundos,Computer Vision IoT Edge AI Cámaras Industriales Inferencia Borde,3x velocidad de mercado 100% cobertura inspección tasa de desperdicio minimizada Time to Value 9 meses,Consumo y Retail | Estée Lauder | Benchmark externo | PROBLEMA: Inspección manual lenta y propensa a error | SOLUCIÓN: Computer Vision Edge AI para validación en línea | RESULTADO: 3x velocidad 100% inspección | TRANSFERIBLE: Manufactura lujo farmacéutica electrónica,Modelo mejora continuamente con cada unidad validada
NEO-008,2026-02-12,Caso NEO propio,NEO Consulting,PENDIENTE,Consumo y Retail,Producción audiovisual data-driven,Marketing,NEO Consulting tiene dificultad para resolver la demanda masiva de contenido short-form que causa costos altos e incapacidad de capitalizar micro-tendencias,Cuando un cliente requiere decenas de piezas para TikTok/Reels semanalmente este caso demuestra reducción del 40% en costos,Producción audiovisual con IA Generativa alineada a tendencias reales detectadas mediante social media scraping,Gemini VEO Video Generation CapCut Apify BigQuery Vertex AI,40% reducción costos producción 60% mejora Time to Market escalabilidad sin fricción operativa,Consumo y Retail | NEO | Caso NEO propio | PROBLEMA: Producción lenta/cara de videos para redes sociales | SOLUCIÓN: IA Generativa (VEO Gemini) y Social Scraping | RESULTADO: -40% costos -60% TTM | TRANSFERIBLE: Agencias marketing retail marcas de consumo,Contenido nace de señales de mercado no solo de intuición
NEO-009,2026-02-12,Caso NEO propio,NEO Consulting,PENDIENTE,Consumo y Retail,Control preventivo de calidad print,Operaciones,NEO Consulting tiene dificultad para mitigar el riesgo de la errata impresa que causa pérdidas millonarias y reclamos legales en catálogos masivos,Cuando un cliente revisa manualmente catálogos con cientos de SKUs este caso demuestra eliminación del 95% de errores,Control preventivo de calidad con IA Multimodal que valida precios promociones y contenido legal contra fuentes originales (Excel ERP),Vision API NLP Gemini Multimodal Vertex AI,95% reducción errores imprenta 30+ incidencias críticas encontradas antes de publicación,Consumo y Retail | NEO | Caso NEO propio | PROBLEMA: Errores en catálogos impresos por revisión manual | SOLUCIÓN: IA Multimodal para validación contextual vs ERP | RESULTADO: -95% errores imprenta | TRANSFERIBLE: Retail editorial farmacéutica banca,Comprende si el contenido tiene sentido comercial no solo visual
NEO-010,2026-02-12,Caso NEO propio,NEO Consulting,PENDIENTE,Consumo y Retail,Retención inteligente de clientes,Ventas,NEO Consulting tiene dificultad para cambiar el paradigma reactivo de fuga de clientes que causa pérdida constante de usuarios de alto valor,Cuando un cliente detecta abandonos solo cuando ya ocurrieron este caso demuestra 4 meses de anticipación,Motor predictivo de retención con enfoque en valor (Churn IA) que prioriza clientes por riesgo y valor esperado para acciones automáticas,Google Cloud Vertex AI Machine Learning Clasificación Supervisada,95% precisión del modelo 4 meses ventana anticipación 4000 clientes blindados Time to Value 2 meses,Consumo y Retail | NEO | Caso NEO propio | PROBLEMA: Pérdida reactiva de clientes de alto valor | SOLUCIÓN: Modelo predictivo de Churn con 4 meses de ventana | RESULTADO: 95% precisión 4k clientes blindados | TRANSFERIBLE: Telcos banca seguros retail suscripciones,Convierte el riesgo en acciones concretas (ofertas contactos)
NEO-011,2026-02-12,Caso NEO propio,NEO Consulting,PENDIENTE,Consumo y Retail,Automatización de carga contable,Ventas,NEO Consulting tiene dificultad para eliminar el caos del cierre contable manual que causa discrepancias fiscales y falta de trazabilidad,Cuando un equipo financiero pierde días cruzando SAP vs Gera este caso demuestra automatización del 80%,Capa inteligente de conciliación y control financiero mediante motor ETL inteligente con reglas fiscales integradas,Python SQL SAP Gera Soft Motor ETL Reglas Fiscales,80% reducción carga operativa 100% trazabilidad Audit Trail cierre contable acelerado,Consumo y Retail | NEO | Caso NEO propio | PROBLEMA: Cruce manual lento de SAP y sistemas de ventas | SOLUCIÓN: Motor ETL inteligente con reglas fiscales (IGV) | RESULTADO: -80% carga manual 100% trazabilidad | TRANSFERIBLE: Finanzas contabilidad auditoría retail,El equipo deja de cuadrar números y se enfoca en análisis estratégico
NEO-012,2026-02-12,Caso NEO propio,NEO Consulting,PENDIENTE,Consumo y Retail,Democratización de datos Text-to-SQL,Operaciones,NEO Consulting tiene dificultad para eliminar el cuello de botella en BI que causa analistas senior perdiendo tiempo en consultas SQL básicas,Cuando áreas operativas dependen de BI para preguntas básicas este caso demuestra reducción del 70% en tiempo de análisis,Desarrollo de IA Text-to-SQL que permite consultas en lenguaje natural directo sobre BigQuery manteniendo control centralizado,LLM LangChain BigQuery Metadata Schema Gradio Frontend,70% reducción tiempo análisis $10k ahorro anual estimado respuestas en minutos Time to Value 3 semanas,Consumo y Retail | NEO | Caso NEO propio | PROBLEMA: Analistas senior saturados por consultas SQL básicas | SOLUCIÓN: Interfaz Text-to-SQL en lenguaje natural para BigQuery | RESULTADO: -70% tiempo análisis respuestas inmediatas | TRANSFERIBLE: BI analítica cualquier industria con bases SQL,Analistas dejan de responder tareas repetitivas para foco estratégico
NEO-013,2026-02-12,Caso NEO propio,Supermercados Peruanos SA,PENDIENTE,Consumo y Retail,Fábrica de contenido GenAI Always-On,Growth,Supermercados Peruanos tiene dificultad para romper la dependencia logística en producción de contenido que causa lentitud para alimentar pantallas y redes,Cuando un cliente requiere contenido comercial fresco sin cámaras ni actores este caso demuestra reducción del 90% en costos,Estudio audiovisual 100% virtual GenAI para generación de activos activos y ensamblaje automático de piezas listas para difusión,Texto a Imagen/Video Avatares Entornos 3D Postproducción Automática GenAI,90% reducción costo producción +50% Time to Market 100% contenido sintético Time to Value 2 meses,Consumo y Retail | Supermercados Peruanos | Caso NEO propio | PROBLEMA: Dependencia logística para contenido fresco | SOLUCIÓN: Fábrica de contenido sintético 100% virtual | RESULTADO: -90% costo producción contenido Always-On | TRANSFERIBLE: Retail publicidad canales digitales marcas consumo,Un mismo concepto se adapta a múltiples formatos sin rehacer producción
NEO-014,2026-02-12,Caso NEO propio,San Fernando,PENDIENTE,Consumo y Retail,Eficiencia logística con Deep Learning,Growth,San Fernando tiene dificultad para capturar la complejidad de la demanda (estacionalidad clima) que causa ineficiencias en distribución y mermas,Cuando métodos tradicionales no logran precisión por SKU/Tienda este caso demuestra +75% precisión de forecast,Motor de forecast inteligente para optimización de la cadena de suministro usando redes neuronales y patrones no lineales,Deep Learning Redes Neuronales SAP ERP Variables Exógenas,75% precisión forecast 10% eficiencia logística innovación LATAM Time to Value 2 meses,Consumo y Retail | San Fernando | Caso NEO propio | PROBLEMA: Modelos lineales imprecisos para demanda compleja | SOLUCIÓN: Motor de predicción Deep Learning con variables exógenas | RESULTADO: +75% precisión forecast +10% eficiencia logística | TRANSFERIBLE: Consumo masivo perecederos logística distribución,Decisiones basadas en demanda real eliminando proyecciones promedio
NEO-015,2026-02-12,Caso NEO propio,Alicorp,PENDIENTE,Consumo y Retail,Monitoreo de stock cloud real-time,Operaciones,Alicorp tiene dificultad para eliminar la ceguera operativa en el canal digital que causa quiebres de stock no detectados durante el día,Cuando un equipo pierde 40 min diarios revisando SKU por SKU este caso demuestra reducción del 88% en tiempo,Automatización cloud serverless que realiza scraping del catálogo e-commerce 24/7 y genera semáforos de disponibilidad,Cloud Functions Serverless Scraping BigQuery Looker Studio,88% eficiencia temporal temporal visibilidad 24/7 continua serverless cost-efficiency Time to Value 2 semanas,Consumo y Retail | Alicorp | Caso NEO propio | PROBLEMA: Revisión manual lenta de stock en e-commerce | SOLUCIÓN: Robots cloud serverless para monitoreo 24/7 | RESULTADO: -88% tiempo manual visibilidad continua | TRANSFERIBLE: E-commerce retail planificación de demanda,Convierte datos técnicos en semáforos operativos de fácil lectura
BENCH-017,2026-02-12,Benchmark externo,Mayo Clinic,PENDIENTE,Salud y Farmacéutica,Asistente clínico contextual,Operaciones,Mayo Clinic tiene dificultad para que médicos revisen 50 documentos por paciente complejo que causa 10-15 min de pérdida por cada uno,Cuando el 50% de la jornada médica se va en data entry este caso demuestra reducción del 80% en tiempo de monitoreo,Asistente clínico inteligente con búsqueda médica contextual y verificada respaldada por fuentes exactas en entorno clínico cerrado,Private Clinical Cloud Vector Search Private LLM Source Documents,80% reducción tiempo monitoreo 90% detección riesgos ocultos 20% aumento capacidad atención,Salud y Farmacéutica | Mayo Clinic | Benchmark externo | PROBLEMA: Sobrecarga de lectura de documentos clínicos | SOLUCIÓN: Búsqueda semántica privada sobre historial paciente | RESULTADO: -80% tiempo monitoreo clínico | TRANSFERIBLE: Hospitales clínicas laboratorios seguros médicos,Hallazgos respaldados por fuente clínica exacta para validación inmediata
BENCH-018,2026-02-12,Benchmark externo,Blue Shield of California,PENDIENTE,Salud y Farmacéutica,Autorización médica cognitiva,Operaciones,Blue Shield tiene dificultad para eliminar el cuello de botella del fax que causa esperas de 14 días para tratamientos críticos,Cuando un proceso manual genera ansiedad y costos masivos este caso demuestra autorización de 14 días a segundos,Plataforma de autorización médica cognitiva que interpreta el historial clínico (FHIR) y aprueba automáticamente bajo reglas de póliza,Decision Agent Policy Rules Engine EHR Reader FHIR Salesforce AI,Autorización en segundos vs 14 días $26M ahorro operativo 99% reducción tiempo,Salud y Farmacéutica | Blue Shield | Benchmark externo | PROBLEMA: Autorizaciones médicas lentas por proceso fax/manual | SOLUCIÓN: Núcleo de decisión agéntica sobre historial clínico | RESULTADO: Segundos vs 14 días $26M ahorro | TRANSFERIBLE: Aseguradoras salud servicios de previsión,La IA solo aprueba casos claros deriva dudas a médicos revisores
BENCH-019,2026-02-12,Benchmark externo,Moderna,PENDIENTE,Salud y Farmacéutica,Ecosistema interno de GPTs,Operaciones,Moderna tiene dificultad para vencer la burocracia del crecimiento explosivo que causa silos de conocimiento y frena la innovación,Cuando un cliente requiere escalar capacidad intelectual sin duplicar nómina este caso demuestra 80% adopción semanal,Ecosistema interno de agentes GenAI (GPTs) especializados en legal clínico regulatorio y operaciones con zero data retention,ChatGPT Enterprise Azure OpenAI Agentes especializados SSO RBAC,750+ agentes creados 80% adopción semanal escalabilidad no lineal de producción intelectual,Salud y Farmacéutica | Moderna | Benchmark externo | PROBLEMA: Burocracia y silos tras crecimiento explosivo | SOLUCIÓN: Ecosistema interno de GPTs especializados por área | RESULTADO: 750+ agentes adopción masiva | TRANSFERIBLE: Farmacéuticas empresas R&D corporativos globales,Permite a equipos crear soluciones sin riesgo de fuga de información
BENCH-020,2026-02-12,Benchmark externo,HCA Healthcare,PENDIENTE,Salud y Farmacéutica,IA clínica para notas ambientales,Operaciones,HCA Healthcare tiene dificultad para evitar que médicos pasen el 40% de consulta mirando el teclado que causa burnout y rotación,Cuando un médico pasa noches terminando notas clínicas este caso demuestra recuperación de 3 horas diarias,Captura de audio ambiental y motor de IA clínica que estructura conversaciones en formato SOAP automáticamente para revisión y firma,Augmedix Audio Ambiental Encriptado Motor IA Clínica Estructuración SOAP,3 horas clínicas recuperadas por médico al día 30% reducción carga administrativa +15% NPS,Salud y Farmacéutica | HCA | Benchmark externo | PROBLEMA: Burnout médico por carga administrativa de notas | SOLUCIÓN: IA ambiental para estructuración SOAP automática | RESULTADO: +3 horas recuperadas/día -30% carga | TRANSFERIBLE: Consultorios médicos psicología servicios legales,Médico vuelve a mirar al paciente en lugar de al teclado
NEO-016,2026-02-12,Caso NEO propio,Clinicas Auna,PENDIENTE,Salud y Farmacéutica,Predicción de fuga seguros oncológicos,Comercial,Auna tiene dificultad para reaccionar a tiempo ante salida de afiliados que causa bajas no anticipadas cuando ya es tarde,Cuando un cliente toma la decisión de salida meses antes este caso demuestra 95% de precisión anticipando fuga,Motor predictivo de fuga con inteligencia proactiva que analiza perfil 360 y sugiere la Next Best Action hasta 4 meses antes,Churn Predictivo Machine Learning Aprendizaje Supervisado Next Best Action,95% precisión anticipación ventana de 4 meses +15% NPS 30% reducción carga administrativa,Salud y Farmacéutica | Auna | Caso NEO propio | PROBLEMA: Reacción tardía ante fuga de afiliados | SOLUCIÓN: Modelo predictivo proactivo con ventana de 4 meses | RESULTADO: 95% precisión anticipando Churn | TRANSFERIBLE: Seguros salud banca telcos suscripciones,Identifica causa probable (económica bajo uso) para acción comercial
BENCH-021,2026-02-12,Benchmark externo,Georgia State University,PENDIENTE,Tecnología y Telecom,Retención proactiva estudiantil,Growth,Georgia State tiene dificultad para escalar la eficiencia académica sin inflar costos que causa abandono por trámites pendientes,Cuando un alumno aceptado no completa matrícula por falta de documentos este caso demuestra $3M+ recuperados,Agente proactivo de retención mediante IA conversacional (WhatsApp) que detecta riesgos y actúa antes del abandono enviando QRs de pago,IA Conversacional WhatsApp SMS CRM ERP Académico Integración,USD 3M+ recuperados en matrículas 30% reducción carga administrativa +15% NPS,Tecnología y Telecom | GSU | Benchmark externo | PROBLEMA: Deserción por barreras administrativas en matrícula | SOLUCIÓN: Agente proactivo WhatsApp para acompañamiento sin fricción | RESULTADO: $3M recuperados -30% carga admin | TRANSFERIBLE: Universidades institutos educación online onboarding,El agente no espera preguntas actúa ante el riesgo detectado en CRM
BENCH-022,2026-02-12,Benchmark externo,Khan Academy,PENDIENTE,Tecnología y Telecom,Tutoría socrática personalizada,Growth,Khan Academy tiene dificultad para democratizar acceso a tutoría 1 a 1 que causa brechas de aprendizaje críticas y deserción escolar,Cuando un cliente requiere escalar tutoría a millones en paralelo este caso demuestra mejora de 3x en rendimiento,Tutoría personalizada escalable mediante Agente Socrático que guía paso a paso con preguntas reflexivas sin dar respuestas finales,OpenAI Agente Socrático PDF Currícula Oficial Detección de Brechas,3x mejora rendimiento matemático 25% rescate de revenue académico tutoría personalizada masiva,Tecnología y Telecom | Khan Academy | Benchmark externo | PROBLEMA: Escalar tutoría 1 a 1 de calidad | SOLUCIÓN: Agente IA Socrático para aprendizaje paso a paso | RESULTADO: 3x rendimiento matemático | TRANSFERIBLE: EdTech capacitación corporativa educación K-12,Guía al estudiante a razonar y aprender no a memorizar
BENCH-023,2026-02-12,Benchmark externo,Duolingo,PENDIENTE,Tecnología y Telecom,Experiencias conversacionales roleplay,Producto,Duolingo tiene dificultad para evitar abandono por fatiga de aprendizaje repetitivo que causa bajo LTV y poca conversión premium,Cuando un cliente busca mantener atención mediante interacción activa este caso demuestra +51% usuarios activos,Experiencias conversacionales inmersivas con Agente Actor y Agente Coach para práctica de escenarios reales con feedback inmediato,AI Role Play LLM Personalidad definida Feedback Agente Coach,51% usuarios activos diarios DAU +37% revenue +20% retención,Tecnología y Telecom | Duolingo | Benchmark externo | PROBLEMA: Abandono por fatiga de aprendizaje pasivo | SOLUCIÓN: IA Role Play para escenarios reales con feedback | RESULTADO: +51% DAU +37% Revenue | TRANSFERIBLE: Idiomas ventas soft skills servicio al cliente,Convierte práctica pasiva en interacción activa realista
NEO-017,2026-02-12,Caso NEO propio,NEO Consulting,PENDIENTE,Tecnología y Telecom,Atribución de impacto de marca,Marketing,NEO Consulting tiene dificultad para superar métricas de vanidad en campañas educativas que causa desconocimiento del impacto real en negocio,Cuando un cliente necesita cuantificar Awareness real vs ruido publicitario este caso demuestra aumento del 35% en Awareness,Motor de medición causal con IA para atribución de impacto de marca mediante diseño experimental grupo expuesto vs control,Medición Causal IA Search Brand Lift Comparación Estadística,35% aumento Brand Awareness 15-25% Ad Recall 10-20% aumento uso servicio Time to Value 2 meses,Tecnología y Telecom | NEO | Caso NEO propio | PROBLEMA: Dificultad para medir ROI de campañas de marca | SOLUCIÓN: Motor medición causal experimental (Lift Incremental) | RESULTADO: +35% Awareness real medido | TRANSFERIBLE: Marketing retail educación servicios banca,Invierte en canales con impacto incremental comprobado
NEO-018,2026-02-12,Caso NEO propio,NEO Consulting,PENDIENTE,Tecnología y Telecom,Priorización inteligente de leads educativos,Ventas,NEO Consulting tiene dificultad para identificar candidatos con alta probabilidad de matrícula que causa pérdida de tiempo en admisiones,Cuando un cliente tiene muchos leads pero baja tasa de cierre este caso demuestra reducción del 30% en Cost-to-Serve,Proceso de calificación inteligente de leads mediante modelos de scoring de cita e incorporación para priorizar el esfuerzo comercial,Scoring Leads Machine Learning Modelo Predictivo Priorización Comercial,30% reducción cost-to-serve 25% mayor cierre en citas incremento tasa matrícula,Tecnología y Telecom | NEO | Caso NEO propio | PROBLEMA: Equipo de admisiones saturado de leads fríos | SOLUCIÓN: Modelo scoring doble (cita + incorporación) | RESULTADO: -30% Cost-to-Serve leads priorizados | TRANSFERIBLE: Educación inmobiliaria banca seguros B2B,El esfuerzo comercial se asigna según valor esperado no volumen
BENCH-024,2026-02-12,Benchmark externo,Freeport-McMoRan McKinsey,PENDIENTE,Industria y Energía,Optimización de molino en tiempo real,Operaciones,Freeport-McMoRan tiene dificultad para superar el conservadurismo humano en ajuste de molinos que causa capacidad instalada no utilizada,Cuando la roca cambia cada hora pero el ajuste es cada 60 min este caso demuestra aumento del 10% en producción,IA Control Agent para optimización operativa en tiempo real que ajusta setpoints continuamente sin inversión en maquinaria,Process Sensors PI System AI Control Agent DCS PLC Automatic Adjustment,10% aumento producción cobre $200M impacto anual $0 USD Capex Time to Value 6-9 meses,Industria y Energía | Freeport | Benchmark externo | PROBLEMA: Variabilidad de mineral y ajuste manual lento | SOLUCIÓN: Agente IA para ajuste continuo de setpoints molino | RESULTADO: +10% producción $200M anuales | TRANSFERIBLE: Minería siderurgia plantas cemento manufactura,Logra estabilidad operacional continua sin sesgo conservador
BENCH-025,2026-02-12,Benchmark externo,Rio Tinto,PENDIENTE,Industria y Energía,Mantenimiento predictivo agéntico,Operaciones,Rio Tinto tiene dificultad para evitar paradas no planificadas caras que causa decisiones tarde y fallas por señales no entendidas,Cuando los sensores van por un lado y reportes por otro este caso demuestra ahorro de $200M,Mantenimiento predictivo mediante agentes de decisión que correlacionan datos de sensores con logs de turno multimodales,Agentic AI Reasoning Multimodal Correlation PI System SAP PM,Ahorro global $200M 20% reducción paradas no planificadas 15% aumento tiempo medio entre falla,Industria y Energía | Rio Tinto | Benchmark externo | PROBLEMA: Fallas críticas por falta de integración de datos | SOLUCIÓN: IA agéntica para correlación sensores + texto (logs) | RESULTADO: $200M ahorro -20% paradas | TRANSFERIBLE: Minería petróleo energía manufactura pesada,Convierte alertas en órdenes de trabajo (SAP PM) listas para ejecutar
BENCH-026,2026-02-12,Benchmark externo,Anglo American,PENDIENTE,Industria y Energía,Simulación de escenarios mineros,Operaciones,Anglo American tiene dificultad para superar silos operativos entre mina planta y puerto que causa planes obsoletos ante fallas,Cuando un cambio en la ley del mineral obliga a decisiones reactivas este caso demuestra ahorro de $2.000 MM,Plan minero mediante simulación de escenarios Digital Twin que integra mina planta y logística para optimizar el margen global,VOXEL Data Lake Digital Twin What-If Simulation IROC Decision Copilot,Impacto económico $2B +20% eficiencia operativa predictibilidad en 6 horas Time to Value 6-122 meses,Industria y Energía | Anglo American | Benchmark externo | PROBLEMA: Silos operativos y planes reactivos | SOLUCIÓN: Digital Twin para simulación What-If integrada | RESULTADO: $2B impacto económico +20% eficiencia | TRANSFERIBLE: Minería grandes cadenas suministro Oil & Gas,Prioriza el mejor resultado económico total no óptimos locales
BENCH-027,2026-02-12,Benchmark externo,Anglo American Sustainability,PENDIENTE,Industria y Energía,Alerta temprana conflictos sociales,Operaciones,Anglo American tiene dificultad para enterarse de conflictos sociales antes de tomas de carretera que causa pérdidas de $20M semana,Cuando el descontento se gesta en canales invisibles (radios locales) este caso demuestra reducción del 60% en días perdidos,Sistema de alerta temprana que usa Speech-to-Text para monitorear radios AM/FM y NLP para detectar sentimientos y detonantes sociales,Social Sensing AI Speech-to-Text NLP Contextual Local WhatsApp monitoring,60% reducción días perdidos conflictos 100% cobertura escucha licencia social reforzada Time to Value 3 meses,Industria y Energía | Anglo American | Benchmark externo | PROBLEMA: Conflictos sociales detectados tardíamente | SOLUCIÓN: IA de escucha 24/7 de radios AM FM y jerga local | RESULTADO: -60% días perdidos por conflictos | TRANSFERIBLE: Minería energía infraestructura proyectos públicos,Entrenado para entender jerga local y clasificar ira miedo o esperanza
NEO-019,2026-02-12,Caso NEO propio,Minsur,PENDIENTE,Industria y Energía,Unificación de datos IT/OT,Operaciones,Minsur tiene dificultad para relacionar fallas de activos con impacto económico que causa retraso en decisiones y bloquea IA predictiva,Cuando los costos están en SAP y la condición en sensores aislados este caso demuestra reducción del 40% en tiempo diagnóstico,Lakehouse unificado en Microsoft Fabric que integra SAP PM sensores IoT e historial para visibilidad operativa total,Microsoft Fabric OneLake SAP PM IoT Contexto Total Activo,40% reducción tiempo diagnóstico 100% visibilidad unificada arquitectura AI Ready escalabilidad,Industria y Energía | Minsur | Caso NEO propio | PROBLEMA: Desconexión crítica entre datos IT (SAP) y OT (sensores) | SOLUCIÓN: Lakehouse unificado OneLake para contexto total activo | RESULTADO: -40% tiempo diagnóstico AI Ready | TRANSFERIBLE: Manufactura minería energía procesos industriales,Permite identificar causas raíz de fallas con impacto en negocio
BENCH-028,2026-02-12,Benchmark externo,Driscoll's,PENDIENTE,Agro y Logística,Asignación inteligente por calidad,Logística,Driscoll's tiene dificultad para cobrar precio premium por fruta de distinta calidad mezclada que causa margen perdido por promedios,Cuando el muestreo manual solo cubre el 1% del volumen este caso demuestra incremento del 20% en precio,Asignación inteligente para maximizar margen usando espectroscopía NIR para medir calidad interna (Brix) sin dañar el producto,NIR Spectroscopy AI Allocation Engine Connected Supply Chain,20% incremento price premium 50% reducción rechazos destino 10x densidad de datos,Agro y Logística | Driscoll's | Benchmark externo | PROBLEMA: Mezcla de fruta de distinta calidad por falta de datos | SOLUCIÓN: Espectroscopía NIR + IA para venta premium de fruta dulce | RESULTADO: +20% Price Premium -50% rechazos | TRANSFERIBLE: Agroexportación alimentos frescos retail,Identifica fruta Super Sweet para vender como producto premium
BENCH-029,2026-02-12,Benchmark externo,Dole Clarifresh,PENDIENTE,Agro y Logística,Visión digital de calidad en campo,Operaciones,Dole tiene dificultad para evitar rechazos en destino por criterios inconsistentes de calidad que causa pérdidas millonarias y desperdicio,Cuando inspectores pierden 50% tiempo digitando reportes manuales este caso demuestra 98% consistencia,Visión digital de calidad con Edge AI en dispositivos móviles que califica fruta bajo estándar matemático único sin internet,Mobile Computer Vision Edge AI Offline-First Calificación Objetiva,98% consistencia calidad 90% reducción flete muerto cero intervención humana Time to Value 4-5 meses,Agro y Logística | Dole | Benchmark externo | PROBLEMA: Subjetividad humana ojímetro en inspección de fruta | SOLUCIÓN: Computer Vision offline para calibre color y defectos | RESULTADO: 98% consistencia -90% flete muerto | TRANSFERIBLE: Agroindustria packing control de calidad visual,Elimina la subjetividad humana mediante estándar matemático global
BENCH-030,2026-02-12,Benchmark externo,Zespri,PENDIENTE,Agro y Logística,Pronóstico de cosecha vs flete muerto,Logística,Zespri tiene dificultad para superar el optimismo agronómico en estimaciones de campo que causa pagos por barcos vacíos y multas,Cuando una discrepancia climática genera flete muerto este caso demuestra eliminación del 90% de muras,Modelo de corrección con IA (XGBoost) que ajusta proyecciones visuales por historial y microclima para optimizar flete y contratos,XGBoost Modelo Corrección IA Proyección Agronómica Visual Semáforo Logístico,90% reducción flete muerto 98% visión válida eliminación de multas por Fill Rate,Agro y Logística | Zespri | Benchmark externo | PROBLEMA: Dead Freight por estimaciones de cosecha optimistas | SOLUCIÓN: Modelo XGBoost ajustado por microclima e historial | RESULTADO: -90% flete muerto 98% precisión | TRANSFERIBLE: Agroexportación transporte marítimo supply chain,Permite firmar contratos basados en datos duros no en buenos deseos
NEO-020,2026-02-12,Caso NEO propio,Camposol,PENDIENTE,Agro y Logística,Roadmap estratégico AgTech,Estrategia,Camposol tiene dificultad para decidir dónde invertir ante mercado saturado de promesas AgTech que causa dispersión de presupuesto sin ROI,Cuando un cliente requiere filtro financiero para drones/IoT/Robots este caso demuestra 100% foco en exportación,Diseño de roadmap de IA agrícola mediante auditoría de madurez de datos y filtro de ROI para priorizar casos de riego y rendimiento,Data Maturity Audit ROI Effort Filter Tech Scouting Roadmap IA,100% foco exportación ahorro Capex por tecnología no viable validación técnica sensores,Agro y Logística | Camposol | Caso NEO propio | PROBLEMA: Saturación de promesas AgTech sin sustento financiero | SOLUCIÓN: Roadmap estratégico con filtro ROI y madurez datos | RESULTADO: 100% foco ahorro Capex | TRANSFERIBLE: Empresas agrícolas corporativos con innovación,Prioriza Optimización de Riego y Predicción de Rendimiento
NEO-021,2026-02-12,Caso NEO propio,NEO Consulting,PENDIENTE,Agro y Logística,Estrategia biomasa digital acuicultura,Operaciones,NEO Consulting tiene dificultad para realizar muestreo exacto en agua turbia que causa desperdicio del 60% del costo en alimento,Cuando la gerencia decide a ciegas por biomasa invisible este caso demuestra 100% visión válida,Estrategia de biomasa digital que usa arquitectura Edge-First y sensores validados para ver en turbidez y automatizar alimentación,Smart Feeding Intelligence Edge-First Visión en Turbidez Sonar Piloto,100% visión válida 30% reducción riesgo Capex roadmap de raciones automatizadas,Agro y Logística | NEO | Caso NEO propio | PROBLEMA: Desperidicio de alimento por conteo manual inexacto | SOLUCIÓN: Sensores para agua turbia y roadmap Smart Feeding | RESULTADO: 100% visión biomasa -30% riesgo Capex | TRANSFERIBLE: Acuicultura langostinos salmones piscigranjas,Conecta data de biomasa con alimentadores para eficiencia FCR)
